{
	"schemaVersion": 1,
	"id": "syncmatica",
	"version": "${mod_version}",
	"name": "Syncmatica",
	"description": "Server-wide shared litematics.",
	"authors": [
		"nnnik",
		"samipourquoi"
	],
	"contact": {
		"sources": "https://github.com/endtech/syncmatica"
	},
	"license": "CC0-1.0",
	"environment": "*",
	"entrypoints": {
		"main": [
			"ch.endte.syncmatica.ModInit"
		]
	},
	"mixins": [
		"syncmatica.mixin.json",
		"syncmatica.litematica_mixin.json"
	],
	"depends": {
		"minecraft": ">=1.21.6 <1.21.8",
		"fabric-networking-api-v1": ">=5.0.1"
	},
	"suggests": {
		"malilib": ">=0.25.1- <0.26.0",
		"litematica": ">=0.23.1- <0.24.0"
	},
	"breaks": {
		"malilib": "<0.25.1-",
		"litematica": "<0.23.1-"
	},
	
	"icon": "assets/syncmatica/icon/logo.png",
	"custom": {
		"modmenu": {
			"links": {
				"modmenu.discord": "https://discord.gg/6NPDVNMZ3T"
			}
		}
	}
}
