{
    "required": true,
    "minVersion": "0.8",
    "package": "ch.endte.syncmatica.mixin",
    "compatibilityLevel": "JAVA_21",
    "mixins": [
        "MixinCommandManager",
        "MixinMinecraftServer",
        "MixinPlayerManager",
        "MixinServerCommonNetworkHandler",
        "MixinServerPlayNetworkHandler"
    ],
    "client": [
        "MixinClientCommonNetworkHandler",
        "MixinClientPlayNetworkHandler",
        "MixinIntegratedServer",
        "MixinMinecraftClient"
    ],
    "server": [
    ],
    "injectors": {
        "defaultRequire": 1
  }
}
